"original_id","organisation","original_region","disposition","batch_02_id","reason"
"C001","e&","UAE/GCC","Reassessed in batch 02","B02-005","Secondary/ticket/governance reassessed; no Circularo interest confirmed"
"C002","G42","UAE/GCC","Reassessed in batch 02","B02-006","Secondary/ticket/governance reassessed; no Circularo interest confirmed"
"C003","Mubadala","UAE/GCC","Not in first batch 02 screen; retained for later requalification","","Not a disqualification; no current recheck or inference of investment appetite made for this row."
"C004","MGX","UAE/GCC","Not in first batch 02 screen; retained for later requalification","","Not a disqualification; no current recheck or inference of investment appetite made for this row."
"C005","International Holding Company","UAE/GCC","Not in first batch 02 screen; retained for later requalification","","Not a disqualification; no current recheck or inference of investment appetite made for this row."
"C006","ADQ","UAE/GCC","Not in first batch 02 screen; retained for later requalification","","Not a disqualification; no current recheck or inference of investment appetite made for this row."
"C007","Dubai Holding","UAE/GCC","Not in first batch 02 screen; retained for later requalification","","Not a disqualification; no current recheck or inference of investment appetite made for this row."
"C008","Investment Corporation of Dubai","UAE/GCC","Not in first batch 02 screen; retained for later requalification","","Not a disqualification; no current recheck or inference of investment appetite made for this row."
"C009","Majid Al Futtaim","UAE/GCC","Not in first batch 02 screen; retained for later requalification","","Not a disqualification; no current recheck or inference of investment appetite made for this row."
"C010","Al-Futtaim Group","UAE/GCC","Not in first batch 02 screen; retained for later requalification","","Not a disqualification; no current recheck or inference of investment appetite made for this row."
"C011","Al Ghurair","UAE/GCC","Not in first batch 02 screen; retained for later requalification","","Not a disqualification; no current recheck or inference of investment appetite made for this row."
"C012","Al Nowais Investments","UAE/GCC","Reassessed in batch 02","B02-004","Secondary/ticket/governance reassessed; no Circularo interest confirmed"
"C013","Waha Capital","UAE/GCC","Not in first batch 02 screen; retained for later requalification","","Not a disqualification; no current recheck or inference of investment appetite made for this row."
"C014","Shorooq","UAE/GCC","Original venture route not carried","","Conventional venture route is outside revised mandate; operating-parent route may be reviewed separately."
"C015","Gulf Capital","UAE/GCC","Reassessed in batch 02","B02-001","Secondary/ticket/governance reassessed; no Circularo interest confirmed"
"C016","stc Group","UAE/GCC","Reassessed in batch 02","B02-007","Secondary/ticket/governance reassessed; no Circularo interest confirmed"
"C017","Elm","UAE/GCC","Reassessed in batch 02","B02-008","Secondary/ticket/governance reassessed; no Circularo interest confirmed"
"C018","SITE","UAE/GCC","Not in first batch 02 screen; retained for later requalification","","Not a disqualification; no current recheck or inference of investment appetite made for this row."
"C019","Technology Control Company","UAE/GCC","Not in first batch 02 screen; retained for later requalification","","Not a disqualification; no current recheck or inference of investment appetite made for this row."
"C020","Aramco Ventures","UAE/GCC","Original venture route not carried","","Conventional venture route is outside revised mandate; operating-parent route may be reviewed separately."
"C021","Ooredoo","UAE/GCC","Not in first batch 02 screen; retained for later requalification","","Not a disqualification; no current recheck or inference of investment appetite made for this row."
"C022","Zain Group","UAE/GCC","Not in first batch 02 screen; retained for later requalification","","Not a disqualification; no current recheck or inference of investment appetite made for this row."
"C023","Beyon","UAE/GCC","Not in first batch 02 screen; retained for later requalification","","Not a disqualification; no current recheck or inference of investment appetite made for this row."
"C024","Omantel","UAE/GCC","Not in first batch 02 screen; retained for later requalification","","Not a disqualification; no current recheck or inference of investment appetite made for this row."
"C025","Investcorp","UAE/GCC","Reassessed in batch 02","B02-002","Secondary/ticket/governance reassessed; no Circularo interest confirmed"
"C026","Microsoft / M12","United States","Original venture route not carried","","Conventional venture route is outside revised mandate; operating-parent route may be reviewed separately."
"C027","ServiceNow / ServiceNow Ventures","United States","Not in first batch 02 screen; retained for later requalification","","Not a disqualification; no current recheck or inference of investment appetite made for this row."
"C028","Salesforce Ventures","United States","Original venture route not carried","","Conventional venture route is outside revised mandate; operating-parent route may be reviewed separately."
"C029","Workday Ventures","United States","Original venture route not carried","","Conventional venture route is outside revised mandate; operating-parent route may be reviewed separately."
"C030","Okta Ventures","United States","Original venture route not carried","","Conventional venture route is outside revised mandate; operating-parent route may be reviewed separately."
"C031","Ping Identity","United States","Not in first batch 02 screen; retained for later requalification","","Not a disqualification; no current recheck or inference of investment appetite made for this row."
"C032","Entrust","United States","Reassessed in batch 02","B02-013","Secondary/ticket/governance reassessed; no Circularo interest confirmed"
"C033","OneSpan","United States","Reassessed in batch 02","B02-014","Secondary/ticket/governance reassessed; no Circularo interest confirmed"
"C034","Docusign / Docusign Ventures","United States","Original venture route not carried","","Conventional venture route is outside revised mandate; operating-parent route may be reviewed separately."
"C035","Adobe","United States","Not in first batch 02 screen; retained for later requalification","","Not a disqualification; no current recheck or inference of investment appetite made for this row."
"C036","Cisco Investments","United States","Original venture route not carried","","Conventional venture route is outside revised mandate; operating-parent route may be reviewed separately."
"C037","Palo Alto Networks","United States","Not in first batch 02 screen; retained for later requalification","","Not a disqualification; no current recheck or inference of investment appetite made for this row."
"C038","CrowdStrike","United States","Not in first batch 02 screen; retained for later requalification","","Not a disqualification; no current recheck or inference of investment appetite made for this row."
"C039","Fortinet","United States","Not in first batch 02 screen; retained for later requalification","","Not a disqualification; no current recheck or inference of investment appetite made for this row."
"C040","IBM","United States","Not in first batch 02 screen; retained for later requalification","","Not a disqualification; no current recheck or inference of investment appetite made for this row."
"C041","Amazon / AWS","United States","Not in first batch 02 screen; retained for later requalification","","Not a disqualification; no current recheck or inference of investment appetite made for this row."
"C042","Oracle","United States","Not in first batch 02 screen; retained for later requalification","","Not a disqualification; no current recheck or inference of investment appetite made for this row."
"C043","Palantir","United States","Not in first batch 02 screen; retained for later requalification","","Not a disqualification; no current recheck or inference of investment appetite made for this row."
"C044","NVIDIA / NVentures","United States","Original venture route not carried","","Conventional venture route is outside revised mandate; operating-parent route may be reviewed separately."
"C045","Databricks Ventures","United States","Original venture route not carried","","Conventional venture route is outside revised mandate; operating-parent route may be reviewed separately."
"C046","SailPoint","United States","Not in first batch 02 screen; retained for later requalification","","Not a disqualification; no current recheck or inference of investment appetite made for this row."
"C047","Hyland","United States","Reassessed in batch 02","B02-016","Secondary/ticket/governance reassessed; no Circularo interest confirmed"
"C048","Box","United States","Not in first batch 02 screen; retained for later requalification","","Not a disqualification; no current recheck or inference of investment appetite made for this row."
"C049","UiPath","United States","Not in first batch 02 screen; retained for later requalification","","Not a disqualification; no current recheck or inference of investment appetite made for this row."
"C050","Automation Anywhere","United States","Not in first batch 02 screen; retained for later requalification","","Not a disqualification; no current recheck or inference of investment appetite made for this row."
"C051","Signicat","Europe","Reassessed in batch 02","B02-021","Secondary/ticket/governance reassessed; no Circularo interest confirmed"
"C052","Namirial","Europe","Reassessed in batch 02","B02-022","Secondary/ticket/governance reassessed; no Circularo interest confirmed"
"C053","Tinexta / Tinexta Trust","Europe","Not in first batch 02 screen; retained for later requalification","","Not a disqualification; no current recheck or inference of investment appetite made for this row."
"C054","IDnow","Europe","Not in first batch 02 screen; retained for later requalification","","Not a disqualification; no current recheck or inference of investment appetite made for this row."
"C055","Swisscom","Europe","Not in first batch 02 screen; retained for later requalification","","Not a disqualification; no current recheck or inference of investment appetite made for this row."
"C056","Swiss Post / SwissSign","Europe","Not in first batch 02 screen; retained for later requalification","","Not a disqualification; no current recheck or inference of investment appetite made for this row."
"C057","Bundesdruckerei Group / D-Trust","Europe","Not in first batch 02 screen; retained for later requalification","","Not a disqualification; no current recheck or inference of investment appetite made for this row."
"C058","Giesecke+Devrient","Europe","Reassessed in batch 02","B02-024","Operating parent only; Ventures mandate and contacts excluded"
"C059","Deutsche Telekom / T.Capital","Europe","Not in first batch 02 screen; retained for later requalification","","Not a disqualification; no current recheck or inference of investment appetite made for this row."
"C060","Thales","Europe","Reassessed in batch 02","B02-023","Secondary/ticket/governance reassessed; no Circularo interest confirmed"
"C061","IDEMIA","Europe","Not in first batch 02 screen; retained for later requalification","","Not a disqualification; no current recheck or inference of investment appetite made for this row."
"C062","Atos / Eviden","Europe","Not in first batch 02 screen; retained for later requalification","","Not a disqualification; no current recheck or inference of investment appetite made for this row."
"C063","WithSecure","Europe","Not in first batch 02 screen; retained for later requalification","","Not a disqualification; no current recheck or inference of investment appetite made for this row."
"C064","Advania","Europe","Not in first batch 02 screen; retained for later requalification","","Not a disqualification; no current recheck or inference of investment appetite made for this row."
"C065","IONOS","Europe","Not in first batch 02 screen; retained for later requalification","","Not a disqualification; no current recheck or inference of investment appetite made for this row."
"C066","OVHcloud","Europe","Not in first batch 02 screen; retained for later requalification","","Not a disqualification; no current recheck or inference of investment appetite made for this row."
"C067","Orange / Orange Ventures","Europe","Original venture route not carried","","Conventional venture route is outside revised mandate; operating-parent route may be reviewed separately."
"C068","Telefónica / Telefónica Ventures","Europe","Original venture route not carried","","Conventional venture route is outside revised mandate; operating-parent route may be reviewed separately."
"C069","Capgemini","Europe","Not in first batch 02 screen; retained for later requalification","","Not a disqualification; no current recheck or inference of investment appetite made for this row."
"C070","Sopra Steria","Europe","Not in first batch 02 screen; retained for later requalification","","Not a disqualification; no current recheck or inference of investment appetite made for this row."
"C071","Dassault Systèmes","Europe","Not in first batch 02 screen; retained for later requalification","","Not a disqualification; no current recheck or inference of investment appetite made for this row."
"C072","Visma","Europe","Not in first batch 02 screen; retained for later requalification","","Not a disqualification; no current recheck or inference of investment appetite made for this row."
"C073","TeamViewer","Europe","Not in first batch 02 screen; retained for later requalification","","Not a disqualification; no current recheck or inference of investment appetite made for this row."
"C074","SAP","Europe","Not in first batch 02 screen; retained for later requalification","","Not a disqualification; no current recheck or inference of investment appetite made for this row."
"C075","Accenture / Accenture Ventures","Europe","Original venture route not carried","","Conventional venture route is outside revised mandate; operating-parent route may be reviewed separately."
"C076","TechnologyOne","ANZ","Not in first batch 02 screen; retained for later requalification","","Not a disqualification; no current recheck or inference of investment appetite made for this row."
"C077","WiseTech Global","ANZ","Not in first batch 02 screen; retained for later requalification","","Not a disqualification; no current recheck or inference of investment appetite made for this row."
"C078","Data#3","ANZ","Not in first batch 02 screen; retained for later requalification","","Not a disqualification; no current recheck or inference of investment appetite made for this row."
"C079","Macquarie Capital","ANZ","Not in first batch 02 screen; retained for later requalification","","Not a disqualification; no current recheck or inference of investment appetite made for this row."
"C080","Potentia Capital","ANZ","Not in first batch 02 screen; retained for later requalification","","Not a disqualification; no current recheck or inference of investment appetite made for this row."
"C081","NTT DATA","Asia","Not in first batch 02 screen; retained for later requalification","","Not a disqualification; no current recheck or inference of investment appetite made for this row."
"C082","NEC","Asia","Not in first batch 02 screen; retained for later requalification","","Not a disqualification; no current recheck or inference of investment appetite made for this row."
"C083","Fujitsu","Asia","Not in first batch 02 screen; retained for later requalification","","Not a disqualification; no current recheck or inference of investment appetite made for this row."
"C084","Hitachi","Asia","Not in first batch 02 screen; retained for later requalification","","Not a disqualification; no current recheck or inference of investment appetite made for this row."
"C085","Singtel / Singtel Innov8","Asia","Original venture route not carried","","Conventional venture route is outside revised mandate; operating-parent route may be reviewed separately."
"C086","ST Engineering","Asia","Not in first batch 02 screen; retained for later requalification","","Not a disqualification; no current recheck or inference of investment appetite made for this row."
"C087","Temasek","Asia","Not in first batch 02 screen; retained for later requalification","","Not a disqualification; no current recheck or inference of investment appetite made for this row."
"C088","KDDI / KDDI Open Innovation Fund","Asia","Original venture route not carried","","Conventional venture route is outside revised mandate; operating-parent route may be reviewed separately."
"C089","Tata Communications","Asia","Not in first batch 02 screen; retained for later requalification","","Not a disqualification; no current recheck or inference of investment appetite made for this row."
"C090","Tech Mahindra","Asia","Not in first batch 02 screen; retained for later requalification","","Not a disqualification; no current recheck or inference of investment appetite made for this row."
"C091","Hg","Global PE / growth","Not in first batch 02 screen; retained for later requalification","","Not a disqualification; no current recheck or inference of investment appetite made for this row."
"C092","TA Associates","Global PE / growth","Not in first batch 02 screen; retained for later requalification","","Not a disqualification; no current recheck or inference of investment appetite made for this row."
"C093","Summit Partners","Global PE / growth","Not in first batch 02 screen; retained for later requalification","","Not a disqualification; no current recheck or inference of investment appetite made for this row."
"C094","General Atlantic","Global PE / growth","Not in first batch 02 screen; retained for later requalification","","Not a disqualification; no current recheck or inference of investment appetite made for this row."
"C095","Insight Partners","Global PE / growth","Not in first batch 02 screen; retained for later requalification","","Not a disqualification; no current recheck or inference of investment appetite made for this row."
"C096","Francisco Partners","Global PE / growth","Not in first batch 02 screen; retained for later requalification","","Not a disqualification; no current recheck or inference of investment appetite made for this row."
"C097","PSG Equity","Global PE / growth","Not in first batch 02 screen; retained for later requalification","","Not a disqualification; no current recheck or inference of investment appetite made for this row."
"C098","Five Elms Capital","Global PE / growth","Reassessed in batch 02","B02-009","Secondary/ticket/governance reassessed; no Circularo interest confirmed"
"C099","Level Equity","Global PE / growth","Reassessed in batch 02","B02-010","Secondary/ticket/governance reassessed; no Circularo interest confirmed"
"C100","Arrowroot Capital","Global PE / growth","Not in first batch 02 screen; retained for later requalification","","Not a disqualification; no current recheck or inference of investment appetite made for this row."
