"candidate_id","organisation","region","name","current_title","linkedin","reason","role_note","role_source_id","role_source_url","profile_source_id","profile_source_url","profile_verification","accessed_at"
"B02-001","Gulf Capital","UAE/GCC","Dr. Karim El Solh","Co-founder and CEO","https://ae.linkedin.com/in/dr-karim-el-solh","Qualify technology sector, ownership and practical ticket.","Public role observed; exact transaction authority not established.","N035","https://www.gulfcapital.com/team-showcase/dr-karim-el-solh-2","N036","https://ae.linkedin.com/in/dr-karim-el-solh","Indexed LinkedIn profile matched to official role","2026-10-02"
"B02-003","Fajr Capital","UAE/GCC","Iqbal Khan","CEO","https://ae.linkedin.com/in/iqbal-khan-a8b95827","Qualify software appetite and secondary structure.","Public role observed; exact transaction authority not established.","N037","https://fajrcapital.com/management-team/iqbal-khan","N038","https://ae.linkedin.com/in/iqbal-khan-a8b95827","Indexed LinkedIn profile matched to official role","2026-10-02"
"B02-005","e&","UAE/GCC","Ilya Kiykov","Group Chief Corporate Development Officer","https://www.linkedin.com/in/ilya-kiykov-a0171311/","Leads strategic investments, M&A and partnerships","Public role observed; exact transaction authority not established","S369","https://www.eand.com/en/whoweare/senior-management.html","B001","https://www.linkedin.com/in/ilya-kiykov-a0171311/","Authenticated LinkedIn page read","2026-10-02"
"B02-006","G42","UAE/GCC","Peng Xiao","Group Chief Executive Officer","https://www.linkedin.com/in/reachpeng/","Can sponsor platform strategy across the G42 ecosystem","Public role observed; exact transaction authority not established","S402","https://www.g42.ai/about","B002","https://www.linkedin.com/in/reachpeng/","Authenticated LinkedIn page read","2026-10-02"
"B02-006","G42","UAE/GCC","Mansoor Al Mansoori","Chief Executive Officer, G42 International","https://www.linkedin.com/in/mansoor-almansoori-265abb32/","International ecosystem and partnership sponsor","Official page says CEO G42 International; LinkedIn still says Group COO. Preserve discrepancy.","S402","https://www.g42.ai/about","B003","https://www.linkedin.com/in/mansoor-almansoori-265abb32/","Authenticated LinkedIn page read","2026-10-02"
"B02-007","stc Group","UAE/GCC","Motaz Al-Angari","Group Chief Investment Officer","https://www.linkedin.com/in/motaz-al-angari-07174820/","Owns investment and capital-allocation route","Public role observed; exact transaction authority not established","S459","https://www.stc.com/en/investors/governance/executive-management.html","B004","https://www.linkedin.com/in/motaz-al-angari-07174820/","Authenticated LinkedIn page read","2026-10-02"
"B02-007","stc Group","UAE/GCC","Riyadh Muawad","Group Chief Business Officer","https://www.linkedin.com/in/riyadhmuawad/","Commercial sponsor for enterprise distribution","Public role observed; exact transaction authority not established","S459","https://www.stc.com/en/investors/governance/executive-management.html","B005","https://www.linkedin.com/in/riyadhmuawad/","Authenticated LinkedIn page read","2026-10-02"
"B02-008","Elm","UAE/GCC","Mohammad bin Abdulaziz Alomair","Chief Executive Officer","https://www.linkedin.com/in/alomair/","Executive sponsor for Saudi digital-platform strategy","Public role observed; exact transaction authority not established","S489","https://elm.sa/en/investor-relations/corporate-governance/Pages/executive-management.aspx","B006","https://www.linkedin.com/in/alomair/","Authenticated LinkedIn page read","2026-10-02"
"B02-008","Elm","UAE/GCC","Alameen Alhazmi","Group Chief, Integrated Solutions","https://www.linkedin.com/in/alameen-alhazmi-664ab31/","Operational sponsor for integrated sovereign workflows","Official page says Group Chief, Integrated Solutions; LinkedIn says Chief Integrated Solutions Officer.","S489","https://elm.sa/en/investor-relations/corporate-governance/Pages/executive-management.aspx","B007","https://www.linkedin.com/in/alameen-alhazmi-664ab31/","Authenticated LinkedIn page read","2026-10-02"
"B02-009","Five Elms Capital","United States","Ryan Mandl","Partner","https://www.linkedin.com/in/ryanmandl/","Investment committee and software transaction sponsor","Public role observed; exact transaction authority not established","S338","https://www.fiveelms.com/team/","B027","https://www.linkedin.com/in/ryanmandl/","Authenticated LinkedIn page read","2026-10-02"
"B02-009","Five Elms Capital","United States","Will Lynn","Director of Business Development","https://www.linkedin.com/in/willlynn/","Routes software opportunities to investment team","Official team page says Director of Business Development; LinkedIn headline says Corporate Strategy.","S338","https://www.fiveelms.com/team/","B028","https://www.linkedin.com/in/willlynn/","Authenticated LinkedIn page read","2026-10-02"
"B02-010","Level Equity","United States","Ben Levin (Benjamin Levin)","Co-Founder and CEO","https://www.linkedin.com/in/benjamin-levin-a3116/","Founder-led software investment and liquidity structure","Public role observed; exact transaction authority not established","S361","https://www.levelequity.com/our-people/","B029","https://www.linkedin.com/in/benjamin-levin-a3116/","Authenticated LinkedIn page read","2026-10-02"
"B02-010","Level Equity","United States","Sarah Sommer","Co-Founder and Partner","https://www.linkedin.com/in/sarah-sommer-14b61227/","Investment partner and software growth strategy","Public role observed; exact transaction authority not established","S361","https://www.levelequity.com/our-people/","B030","https://www.linkedin.com/in/sarah-sommer-14b61227/","Authenticated LinkedIn page read","2026-10-02"
"B02-011","Spectrum Equity","United States","Mike Farrell","Managing Director — software, AI and data","https://www.linkedin.com/in/mifarrell/","Qualify software scale and shareholder-liquidity fit.","Public role observed; exact transaction authority not established.","N039","https://www.spectrumequity.com/team/mike-farrell/","N040","https://www.linkedin.com/in/mifarrell/","Official biography links profile; full LinkedIn fetch blocked","2026-10-02"
"B02-012","FTV Capital / Ascend","United States","Alex Malvone (Alexander Malvone)","Partner; co-head of FTV Ascend","https://www.linkedin.com/in/alexandermalvone/","Enterprise technology; qualify USD 20m+ strategy and liquidity.","Public role observed; exact transaction authority not established.","N041","https://ftvcapital.com/team-member/alex-malvone/","N042","https://www.linkedin.com/in/alexandermalvone/","Indexed LinkedIn profile matched to official role","2026-10-02"
"B02-013","Entrust","United States","Tony Ball (Anthony Ball)","Chief Executive Officer","https://www.linkedin.com/in/anthony-ball-889391/","Strategic sponsor for identity-centric trust expansion","Public role observed; exact transaction authority not established","S356","https://www.entrust.com/company/leadership","B013","https://www.linkedin.com/in/anthony-ball-889391/","Authenticated LinkedIn page read","2026-10-02"
"B02-014","OneSpan","United States","Victor Limongelli","Chief Executive Officer","https://www.linkedin.com/in/victorlimongelli/","Strategic sponsor for digital agreements and transaction security","Public role observed; exact transaction authority not established","S513","https://www.onespan.com/about/leadership","B014","https://www.linkedin.com/in/victorlimongelli/","Authenticated LinkedIn page read","2026-10-02"
"B02-015","DigiCert","United States","Amit Sinha","CEO","https://www.linkedin.com/in/amitsinha/","Operating sponsor for GCC trust corporate-development discussion.","Public role observed; exact transaction authority not established.","N043","https://www.digicert.com/leadership","N044","https://www.linkedin.com/in/amitsinha/","Indexed LinkedIn profile matched to official role","2026-10-02"
"B02-017","Volpi Capital","Europe","Crevan O’Grady","Co-founder; Managing Partner in published Volpi announcement","https://uk.linkedin.com/in/crevan-o-grady-a143743","Qualify technology buyout/rollover and international expansion.","Official 2024 announcement says co-founder; a later transaction announcement says Managing Partner. LinkedIn may show a portfolio board headline.","N045","https://www.volpicapital.com/meet-the-team/","N046","https://uk.linkedin.com/in/crevan-o-grady-a143743","Indexed LinkedIn profile matched to Volpi activity; headline may show YAVEON","2026-10-02"
"B02-018","Main Capital Partners","Europe","Charly Zwemstra","Managing Partner & Chief Investment Officer","https://www.linkedin.com/in/charlyzwemstra4263/","Qualify geography/control and coordinate Signicat overlap.","Public role observed; exact transaction authority not established.","N049","https://main.nl/location/the-hague/","N050","https://www.linkedin.com/in/charlyzwemstra4263/","Official team/location page links profile; full LinkedIn fetch blocked","2026-10-02"
"B02-020","Keensight Capital","Europe","Jean-Michel Beghin","Managing Partner","https://fr.linkedin.com/in/jean-michel-beghin-0ab40","Qualify revenue/profitability and shareholder-liquidity fit.","Public role observed; exact transaction authority not established.","N051","https://keensight.com/ks/jean-michel-beghin/","N052","https://fr.linkedin.com/in/jean-michel-beghin-0ab40","Indexed LinkedIn profile matched to official indexed biography","2026-10-02"
"B02-021","Signicat","Europe","Asger Hattel","Chief Executive Officer","https://www.linkedin.com/in/asger-hattel-878813/","Strategic ownership and international expansion sponsor","Public role observed; exact transaction authority not established","S564","https://www.signicat.com/de/uber-uns","B018","https://www.linkedin.com/in/asger-hattel-878813/","Authenticated LinkedIn page read","2026-10-02"
"B02-021","Signicat","Europe","Atul Koul Randev","Chief Strategy Officer","https://www.linkedin.com/in/atul-randev/","Strategy and potential transaction evaluation","Public role observed; exact transaction authority not established","S564","https://www.signicat.com/de/uber-uns","B019","https://www.linkedin.com/in/atul-randev/","Authenticated LinkedIn page read","2026-10-02"
"B02-022","Namirial","Europe","Max Pellegrini","Chief Executive Officer","https://www.linkedin.com/in/maxpellegrini/","Strategic sponsor for trust and agentic services expansion","Public role observed; exact transaction authority not established","S562","https://www.namirial.com/en/author/m-pellegrini/","B020","https://www.linkedin.com/in/maxpellegrini/","Authenticated LinkedIn page read","2026-10-02"
"B02-023","Thales","Europe","Eva Rudin","Senior Vice President, Cyber Security Products","https://www.linkedin.com/in/eva-rudin-909a6713/","Operating sponsor for cybersecurity and identity integrations","Public role observed; exact transaction authority not established","A008","https://cpl.thalesgroup.com/leadership","B024","https://www.linkedin.com/in/eva-rudin-909a6713/","Authenticated LinkedIn page read","2026-10-02"
"B02-023","Thales","Europe","Danny de Vreeze","Vice President, Identity & Access Management","https://www.linkedin.com/in/dannydevreeze/","IAM business sponsor for trusted transaction extension","Public role observed; exact transaction authority not established","A008","https://cpl.thalesgroup.com/leadership","B025","https://www.linkedin.com/in/dannydevreeze/","Authenticated LinkedIn page read","2026-10-02"
