"id","name","region","category","priority","original_id","website","company_linkedin","minimum_requested_ticket_usd","maximum_requested_ticket_usd","equity_cap_percent","secondary_required","secondary_acceptance","secondary_evidence","ticket_evidence","fit_hypothesis","risks","key_people","personal_linkedin","source_ids","as_of"
"B02-001","Gulf Capital","UAE/GCC","Growth / buyout private equity","First qualification","C015","https://gulfcapital.com","https://www.linkedin.com/company/gulf-capital/","4000000","","","true","Unconfirmed for Circularo","Official portfolio describes strategic and majority-stake acquisitions; seller/founder proceeds and a minority-secondary mandate are not established.","No current comparable ticket range established; portfolio transaction sizes are not a typical cheque.","Regional growth and cross-border operating support could pair founder liquidity with a GCC expansion plan.","Confirm software appetite, size, legal domicile and ownership preferences; portfolio acquisition history does not prove founder-secondary acceptance.","Dr. Karim El Solh","https://ae.linkedin.com/in/dr-karim-el-solh","N001; S015; N053","2026-10-02"
"B02-002","Investcorp","UAE/GCC","Technology private equity — group / ITP route","Conditional / size and domicile gate","C025","https://investcorp.com","https://www.linkedin.com/company/investcorp/","4000000","","","true","Unconfirmed for Circularo","ITP states controlling investments with founders retaining equity. Acquisition of existing ownership is relevant, but the Circularo proceeds split is unconfirmed.","Published ITP equity range USD 20–100m; targets about USD 10m+ revenue and positive EBITDA. These are fund criteria, not a Circularo valuation or an offered ticket.","Technology operating partners and international expansion capabilities could support enterprise trust software.","ITP expressly targets European-headquartered companies and control. Resolve the eligible legal entity, operating geography and founder independence before contact.","","","N002; S237; N054","2026-10-02"
"B02-003","Fajr Capital","UAE/GCC","Regional private equity","Exploratory / sector and scale gate","","https://fajrcapital.com/","https://www.linkedin.com/company/fajr-capital/","4000000","","","true","Unconfirmed for Circularo","Official overview records a sizeable minority BIBD acquisition and the Aster investment; no Circularo founder-secondary mandate established.","No current software ticket range established; the large Aster investment is a precedent, not a minimum or typical ticket.","Institutional GCC relationships and patient operating support are possible strategic benefits.","Software-sector appetite and practical transaction scale are unverified; evaluate values and investment-policy fit.","Iqbal Khan","https://ae.linkedin.com/in/iqbal-khan-a8b95827","N003; N004; N055","2026-10-02"
"B02-004","Al Nowais Investments","UAE/GCC","Principal investment / holding group","Exploratory / sponsor gate","C012","https://alnowais.com","https://www.linkedin.com/company/alnowais-investments/","4000000","","","true","Unconfirmed for Circularo","Official principal-investments page confirms a holding/investment route; no verified software founder-secondary precedent.","No public ticket floor, range or current Circularo allocation established.","An operating sponsor within the group could create enterprise distribution and technology adoption.","Holding-company interest cannot be inferred from a technology business listing. Establish the actual investment committee and sponsor.","","","N005; S033; N056","2026-10-02"
"B02-005","e&","UAE/GCC","Operating technology / telecom group","First qualification","C001","https://eand.com","https://www.linkedin.com/company/eandgroup/","4000000","","","true","Unconfirmed for Circularo","Bespin precedent is explicitly primary minority investment plus a majority regional JV. It does not demonstrate founder-secondary willingness.","USD 60m initial primary commitment in the 2022 Bespin transaction; single precedent, not a typical or minimum ticket.","A direct corporate-development investment could combine GCC enterprise channels with Circularo's management-reported digital-trust position.","Founder liquidity must be agreed independently of a commercial alliance. Validate existing DigiSign relationship, exclusivity and IP/roadmap boundaries.","Ilya Kiykov","https://www.linkedin.com/in/ilya-kiykov-a0171311/","N006; S796; S369; D001; N057","2026-10-02"
"B02-006","G42","UAE/GCC","Operating AI / sovereign technology group","Strategic / secondary gate","C002","https://g42.ai","https://www.linkedin.com/company/g42ai/","4000000","","","true","Unconfirmed for Circularo","Official CPX acquisition supports corporate acquisition activity; it does not establish a minority founder-secondary mandate.","No comparable transaction cheque established; do not infer willingness from group size.","Potential sovereign trust infrastructure alongside cloud, AI and cybersecurity offerings.","Require a real group operating sponsor and approved secondary structure. Agentic trusted execution is Circularo's draft future direction, not verified production.","Peng Xiao; Mansoor Al Mansoori","https://www.linkedin.com/in/reachpeng/; https://www.linkedin.com/in/mansoor-almansoori-265abb32/","N007; S402; S493; D002; N058","2026-10-02"
"B02-007","stc Group","UAE/GCC","Operating technology / telecom group","First qualification","C016","https://stc.com.sa","https://www.linkedin.com/company/stc/","4000000","","","true","Unconfirmed for Circularo","2024 reporting records operating acquisitions and a 40% Devoteam Middle East stake. Founder proceeds and Circularo secondary eligibility remain unknown.","No current comparable cheque range established.","solutions/sirar and group enterprise routes could support Saudi distribution, digital trust and cross-border adoption.","Use group corporate development and an operating sponsor; Tali Ventures is excluded from this batch. Verify localisation, channel overlap and group approval authority.","Motaz Al-Angari; Riyadh Muawad","https://www.linkedin.com/in/motaz-al-angari-07174820/; https://www.linkedin.com/in/riyadhmuawad/","N008; S459; S020; A004; D003; N059","2026-10-02"
"B02-008","Elm","UAE/GCC","Operating GovTech company","Strategic / control gate","C017","https://elm.sa","https://www.linkedin.com/company/elm/","4000000","","","true","Unconfirmed for Circularo","Official indexed announcement describes full Thiqah acquisition; the full page remained inaccessible. Minority-secondary appetite is unknown.","No current comparable ticket range established.","Saudi public-sector workflows and trusted transaction infrastructure could create strategic value.","Direct portfolio overlap and preference for integration/control. Require a structure and operating boundaries compatible with founder objectives.","Mohammad bin Abdulaziz Alomair; Alameen Alhazmi","https://www.linkedin.com/in/alomair/; https://www.linkedin.com/in/alameen-alhazmi-664ab31/","N009; S656; S489; D004; N060","2026-10-02"
"B02-009","Five Elms Capital","United States","Software growth private equity","First qualification","C098","https://fiveelms.com","https://www.linkedin.com/company/five-elms-capital/","4000000","","","true","Unconfirmed for Circularo","Current materials support flexible software growth investment; a specific founder-secondary policy was not established by the pages checked.","Fund V announced USD 5–75m in 2021. Current Fund VI range is not disclosed in its checked announcement; requalify rather than treat the old range as current.","Hands-on software operations, international go-to-market and product support could provide business value beyond capital.","Current AI-forward focus and software growth expectations need to match documented Circularo metrics. Confirm founder liquidity, eligible domicile and current cheque size.","Ryan Mandl; Will Lynn","https://www.linkedin.com/in/ryanmandl/; https://www.linkedin.com/in/willlynn/","N010; N011; N012; S679; S680; S338; D019; N061","2026-10-02"
"B02-010","Level Equity","United States","Software growth equity / recapitalisation","First qualification","C099","https://levelequity.com","https://www.linkedin.com/company/level-equity/","4000000","","","true","Unconfirmed for Circularo","Current site explicitly offers minority growth capital and majority growth equity/recaps. The founder-secondary amount and terms remain unconfirmed.","Current cheque range not established; older one-pager criteria are historical and require requalification.","Operational value creation and B2B software portfolio relationships could help distribution and international growth.","Do not use structured-credit investments as equity evidence. Reconfirm ARR/growth gates, GCC legal-entity eligibility and proceeds allocation.","Ben Levin (Benjamin Levin); Sarah Sommer","https://www.linkedin.com/in/benjamin-levin-a3116/; https://www.linkedin.com/in/sarah-sommer-14b61227/","N013; S211; S215; S361; D020; N062","2026-10-02"
"B02-011","Spectrum Equity","United States","Software / data growth equity","Conditional / larger-ticket gate","","https://www.spectrumequity.com/","https://www.linkedin.com/company/spectrum-equity/","4000000","","","true","Unconfirmed for Circularo","Published strategy explicitly includes shareholder liquidity and minority recapitalisations.","2024 year review states generally USD 30–200m. Supports larger alternatives, not a USD 4m allocation assumption.","Software/data expertise and go-to-market support could help scale an enterprise trust platform.","Company scale, revenue quality, eligible domicile and appetite for GCC concentration must be tested before detailed outreach.","Mike Farrell","https://www.linkedin.com/in/mifarrell/","N014; N063","2026-10-02"
"B02-012","FTV Capital / Ascend","United States","Sector-focused growth equity","Conditional / larger-ticket gate","","https://ftvcapital.com/","https://www.linkedin.com/company/ftv-capital/","4000000","","","true","Unconfirmed for Circularo","Official managing-partner discussion describes liquidity with minority and control growth investing; no Circularo deal eligibility confirmed.","January 2025 announcement: Ascend USD 20–60m; flagship USD 60–300m. USD 4m is below published strategies.","Enterprise technology, financial-services network and published human/AI control-layer thesis could support a digital-trust expansion case.","Requires a meaningfully larger transaction than the user's floor and proven business fundamentals. Pure secondary versus mixed capital remains a gate.","Alex Malvone (Alexander Malvone)","https://www.linkedin.com/in/alexandermalvone/","N015; N016; N017; N064","2026-10-02"
"B02-013","Entrust","United States","Operating identity / digital-trust company","First qualification","C032","https://entrust.com","https://www.linkedin.com/company/entrust/","4000000","","","true","Unconfirmed for Circularo","Onfido acquisition demonstrates corporate acquisition activity; standalone minority founder-secondary policy is not established.","No comparable cheque range established.","Identity assurance, signing and sovereign deployment could form a broader trusted-transaction proposition.","Significant direct overlap and possible full-acquisition preference. Protect IP, customer relationships and product independence.","Tony Ball (Anthony Ball)","https://www.linkedin.com/in/anthony-ball-889391/","N018; S723; S356; D009; N065","2026-10-02"
"B02-014","OneSpan","United States","Operating digital agreement / cybersecurity company","Strategic / overlap gate","C033","https://onespan.com","https://www.linkedin.com/company/onespan/","4000000","","","true","Unconfirmed for Circularo","Build38 acquisition completed in 2026; founder-secondary or minority-only willingness is unknown.","No comparable cheque range established.","Digital agreement and cybersecurity channels could value Circularo's management-reported sovereign GCC position.","Direct signing competition, integration priorities and acquisition preference; require a specific complementary market mechanism.","Victor Limongelli","https://www.linkedin.com/in/victorlimongelli/","N019; S513; A006; D010; N066","2026-10-02"
"B02-015","DigiCert","United States","Operating digital-trust company","Strategic / secondary gate","","https://www.digicert.com/","https://www.linkedin.com/company/digicert-inc-/","4000000","","","true","Unconfirmed for Circularo","Vercara acquisition demonstrates strategic M&A; no minority founder-secondary mandate established.","No current comparable ticket range established.","PKI, identity assurance and digital trust could complement sovereign trusted transaction infrastructure and enterprise distribution.","Existing trust/signing products can overlap; confirm group ownership approval, product boundaries and secondary structure.","Amit Sinha","https://www.linkedin.com/in/amitsinha/","N020; N067","2026-10-02"
"B02-016","Hyland","United States","Operating content / workflow company","Strategic / overlap gate","C047","https://hyland.com","https://www.linkedin.com/company/hyland-ai/","4000000","","","true","Unconfirmed for Circularo","Official acquisitions include Alfresco, Nuxeo and Learning Machine. This is acquisition evidence, not minority-founder liquidity acceptance.","No comparable cheque range established.","Document/process ecosystem and digital credentialing adjacency could create customer access and embedded trusted execution.","Existing signing integrations, internal product overlap and control preference; prove incremental value before a technology or investment pitch.","","","N021; S104; N068","2026-10-02"
"B02-017","Volpi Capital","Europe","B2B software / technology private equity","First qualification","","https://www.volpicapital.com/","https://www.linkedin.com/company/volpi-capital/","4000000","","","true","Unconfirmed for Circularo","Official Version 1 transaction describes a management buyout; current approach supports B2B software/tech services. Founder-secondary terms for Circularo are unknown.","EUR 90m equity in the 2017 Version 1 transaction; a dated precedent, not a current minimum or typical ticket.","Published channel/alliance, sales and international expansion support could help Circularo enter Europe and the US.","European platform/geography and profitable-growth requirements must be qualified. Clarify control preference and founder rollover expectations.","Crevan O’Grady","https://uk.linkedin.com/in/crevan-o-grady-a143743","N022; N023; N069","2026-10-02"
"B02-018","Main Capital Partners","Europe","Enterprise software private equity","Conditional / domicile and control gate","","https://main.nl/","https://www.linkedin.com/company/main-capital-partners/","4000000","","","true","Unconfirmed for Circularo","Current site publishes majority-stake acquisitions. Signicat's Inverid announcement identifies Main as seller and reinvesting minority shareholder.","No current equity ticket range established by checked pages.","Security/identity, government and business-transformation software ecosystem could provide buy-and-build and distribution synergies.","Targets northwestern Europe and North America; GCC entity eligibility is uncertain. Main's minority position in Signicat links these routes; do not count them as wholly independent pools.","Charly Zwemstra","https://www.linkedin.com/in/charlyzwemstra4263/","N024; N025; N026; N070","2026-10-02"
"B02-019","Inflexion — Enterprise / Partnership Capital","Europe","Growth / buyout private equity","Conditional / scale and geography gate","","https://www.inflexion.com/","https://www.linkedin.com/company/inflexion-private-equity/","4000000","","","true","Unconfirmed for Circularo","Official flexible-capital strategy explicitly allows shareholder realisations, with dedicated minority Partnership Capital and minority/majority Enterprise investments.","2023 Enterprise commentary cites GBP 10–75m; treat as dated. 2024 Partnership Capital III targets enterprise values GBP 200m to over GBP 1bn, not equity tickets.","International expansion, commercial effectiveness and technology support could add operational value.","UK/northern-Europe scope and company-scale gates may be restrictive. Choose the eligible strategy; never convert enterprise value into an equity cheque.","","","N027; N028; N029; N030; N071","2026-10-02"
"B02-020","Keensight Capital","Europe","Technology growth buyout","Conditional / revenue and geography gate","","https://keensight.com/","https://www.linkedin.com/company/keensight-capital/","4000000","","","true","Unconfirmed for Circularo","Current official approach explicitly includes liquidity to existing shareholders and minority or majority investments.","Current site states portfolio-company revenues EUR 10–400m; this is a revenue criterion, not ticket size. Current cheque range unestablished.","Technology operating support, internationalisation and security-adjacent experience could support Circularo expansion.","Need evidence of qualifying profitable growth, revenue scale and European eligibility; no approved Circularo numbers establish those gates.","Jean-Michel Beghin","https://fr.linkedin.com/in/jean-michel-beghin-0ab40","N031; N072","2026-10-02"
"B02-021","Signicat","Europe","Operating digital identity / trust group","First qualification","C051","https://signicat.com","https://www.linkedin.com/company/signicat/","4000000","","","true","Unconfirmed for Circularo","Inverid acquisition from Main and founders, with selling shareholders reinvesting, is direct seller-liquidity/rollover evidence. It remains an acquisition, not a Circularo minority-only precedent.","Inverid consideration undisclosed; no cheque range inferred.","European identity distribution plus a GCC trusted-transaction expansion could be strategically complementary.","Nordic Capital-backed consolidation, portfolio overlap and control expectations. Main is a minority shareholder following the Inverid deal; overlapping routes require coordination.","Asger Hattel; Atul Koul Randev","https://www.linkedin.com/in/asger-hattel-878813/; https://www.linkedin.com/in/atul-randev/","N026; S236; S564; A005; A007; D013; N073","2026-10-02"
"B02-022","Namirial","Europe","Operating digital-trust / transaction group","Strategic / overlap gate","C052","https://namirial.com","https://www.linkedin.com/company/namirial/","4000000","","","true","Unconfirmed for Circularo","2025 Signaturit combination demonstrates consolidation. Standalone minority founder-secondary structure remains unconfirmed.","No comparable cheque range established.","Trust-services distribution and shared future trusted-execution direction could support cross-region expansion.","Direct competition and integration workload. Prior FAQ/company-history chronology discrepancy remains unresolved; use year-level wording and do not infer production readiness.","Max Pellegrini","https://www.linkedin.com/in/maxpellegrini/","N032; S393; S869; S562; A001; D014; N074","2026-10-02"
"B02-023","Thales","Europe","Operating cybersecurity / identity group","Strategic / scale gate","C060","https://thalesgroup.com","https://www.linkedin.com/company/thales/","4000000","","","true","Unconfirmed for Circularo","Imperva acquisition supports strategic M&A; minority founder-secondary mandate unestablished.","No comparable small-deal ticket range established; large acquisition capacity is not minimum-cheque evidence.","Security, identity and government channels could support sovereign digital trust offerings.","Large-group priority/approval cycle, product overlap and deal-scale mismatch. Operating sponsors need corporate-development approval.","Eva Rudin; Danny de Vreeze","https://www.linkedin.com/in/eva-rudin-909a6713/; https://www.linkedin.com/in/dannydevreeze/","N033; S760; A008; D017; N075","2026-10-02"
"B02-024","Giesecke+Devrient","Europe","Operating security / identity parent group","Exploratory / parent route only","C058","https://gi-de.com","https://www.linkedin.com/company/giesecke-devrient/","4000000","","","true","Unconfirmed for Circularo","Non-VC parent investment is a hypothesis; no qualifying founder-secondary precedent was established. G+D Ventures is excluded.","No comparable parent cheque range established.","Government identity and SecurityTech reach could create technology/market synergies.","Do not reuse Ventures investment mandate or Ventures contacts as evidence of parent secondary appetite. Parent corporate-development owner remains unresolved.","","","N034; D016; N076","2026-10-02"
